ID,prediction
28800,-1.2232305112823272
28801,-0.0021394443862486775
28802,-1.965646930822597
