ID,risk_score
28800,-10.305747
28801,2.855288
28802,-17.549929
